{
    "URANIUM_POWER": 251.99999999999997,
    "WATER": 1286.5307998268834,
    "IMPURE_NITROGEN_GAS": 2.0,
    "NORMAL_NITROGEN_GAS": 7.0,
    "PURE_NITROGEN_GAS": 36.0,
    "IMPURE_IRON_ORE": 33.0,
    "NORMAL_IRON_ORE": 41.0,
    "PURE_IRON_ORE": 46.0,
    "IMPURE_COPPER_ORE": 9.0,
    "NORMAL_COPPER_ORE": 28.0,
    "PURE_COPPER_ORE": 12.0,
    "NORMAL_LIMESTONE": 10.072577307649977,
    "PURE_LIMESTONE": 27.0,
    "IMPURE_COAL": 6.0,
    "NORMAL_COAL": 29.0,
    "PURE_COAL": 15.0,
    "NORMAL_CATERIUM_ORE": 8.0,
    "PURE_CATERIUM_ORE": 8.0,
    "NORMAL_RAW_QUARTZ": 11.0,
    "PURE_RAW_QUARTZ": 5.0,
    "IMPURE_SULFUR": 1.0,
    "NORMAL_SULFUR": 7.0,
    "PURE_SULFUR": 3.0,
    "IMPURE_URANIUM": 1.0,
    "NORMAL_URANIUM": 3.0,
    "IMPURE_BAUXITE": 5.0,
    "NORMAL_BAUXITE": 6.0,
    "PURE_BAUXITE": 6.0,
    "IMPURE_CRUDE_OIL": 10.0,
    "NORMAL_CRUDE_OIL": 12.0,
    "PURE_CRUDE_OIL": 8.0,
    "PURE_IRON_INGOT": 1775.0775801532207,
    "COPPER_ALLOY_INGOT": 107.54659174538124,
    "PURE_COPPER_INGOT": 1565.5113608487293,
    "PURE_CATERIUM_INGOT": 460.0,
    "COMPACTED_STEEL_INGOT": 247.2719956001222,
    "SOLID_STEEL_INGOT": 539.3251306383978,
    "ALUMINA_SOLUTION": 81.5,
    "SLOPPY_ALUMINA": 168.43655095618476,
    "ALUMINUM_SCRAP": 54.54320686635595,
    "ELECTRODE_ALUMINUM_SCRAP": 206.1911254531051,
    "PURE_ALUMINUM_INGOT": 1358.214868463661,
    "CHEAP_SILICA": 381.3551208427367,
    "PURE_QUARTZ_CRYSTAL": 91.99636874843276,
    "RECYCLED_PLASTIC": 230.7030560874885,
    "RESIDUAL_RUBBER": 165.0,
    "RECYCLED_RUBBER": 374.3754433083714,
    "HEAVY_OIL_RESIDUE": 330.0,
    "PETROLEUM_COKE": 103.09556272655254,
    "COMPACTED_COAL": 111.272398020055,
    "DILUTED_FUEL": 181.52354981875797,
    "WET_CONCRETE": 137.52728367268705,
    "IRON_ROD": 6.72,
    "CAST_SCREW": 1787.2243771709532,
    "IRON_PLATE": 413.3791994581311,
    "STITCHED_IRON_PLATE": 424.80981275533986,
    "STEAMED_COPPER_SHEET": 1489.7728988369604,
    "ALCLAD_ALUMINUM_SHEET": 322.1846221435258,
    "ALUMINUM_CASING": 345.34341544004525,
    "STEEL_PIPE": 1387.7402557769485,
    "ENCASED_INDUSTRIAL_PIPE": 382.0541746926713,
    "BOLTED_FRAME": 244.38433349211383,
    "HEAVY_ENCASED_FRAME": 162.92288899474255,
    "FUSED_MODULAR_FRAME": 131.14754098360658,
    "WIRE": 341.3065840732394,
    "IRON_WIRE": 11792.911357208517,
    "CABLE": 904.3800643305092,
    "FUSED_QUICKWIRE": 736.0,
    "SILICON_CIRCUIT_BOARD": 466.3844335317032,
    "AI_LIMITER": 396.10260780492877,
    "HIGH_SPEED_CONNECTOR": 46.747801286397554,
    "COPPER_ROTOR": 282.80724189564984,
    "STATOR": 770.5760480381075,
    "ELECTRIC_MOTOR": 231.8300215856718,
    "CLASSIC_BATTERY": 43.51533443330278,
    "HEAT_SINK": 196.82622950819675,
    "COOLING_DEVICE": 157.37704918032787,
    "TURBO_ELECTRIC_MOTOR": 70.00758415495012,
    "CATERIUM_COMPUTER": 100.1209614225108,
    "CRYSTAL_COMPUTER": 70.48043160344616,
    "SUPER_STATE_COMPUTER": 54.39416804162849,
    "RADIO_CONTROL_UNIT": 93.27408527233611,
    "RADIO_CONTROL_SYSTEM": 79.48417713043084,
    "INSULATED_CRYSTAL_OSCILLATOR": 257.58983249561174,
    "BEACON": 13.44,
    "ELECTROMAGNETIC_CONTROL_ROD": 374.06103848322346,
    "INFUSED_URANIUM_CELL": 84.0,
    "URANIUM_FUEL_UNIT": 84.0,
    "SMART_PLATING": 491.80327868852464,
    "AUTOMATED_WIRING": 503.5351876335074,
    "AUTOMATED_SPEED_WIRING": 93.24694405531427,
    "MODULAR_ENGINE": 491.80327868852464,
    "ADAPTIVE_CONTROL_UNIT": 261.0920065998167,
    "ASSEMBLY_DIRECTOR_SYSTEM": 174.06133773321116,
    "THERMAL_PROPULSION_ROCKET": 196.72131147540986
}
